# ingestion_year;ingestion_month;ingestion_day;id_sistema_cliente;macroactivo;cod_activo;aba;cod_perfil_riesgo;cod_banca
2023;11;23;10020203023;Renta Fija;1001;654810500;1468;PR
2023;11;23;100900000000;FICs;10007;690893510;1467;PF
2023;11;23;10041560001;Renta Variable;1004;1257500;1466;PN
2023;11;23;100902000000;FICs;1019;1018564215;1467;PF
2023;11;23;10039616197;Renta Variable;1012;13144000;1466;PN
2023;11;23;100900000000;FICs;1019;21341118;1467;PF
2023;11;23;100800000000;FICs;1019;406680358;1467;PY
2023;11;23;10036346714;Renta Variable;1004;1257500;1466;PN
2023;11;23;100890000000;Renta Fija;None;118297000;1468;PR
2023;11;23;10039616197;Renta Variable;1005;74811;1466;PN
2023;11;23;10098522488;Renta Variable;1004;3772500;1466;PN
2023;11;23;1001010000000;FICs;10007;28887486;1468;PN
2023;11;23;10032184607;Renta Variable;None;3885000;1468;PN
2023;11;23;100900000000;FICs;10007;690893510;1467;PF
2023;11;23;10032184607;FICs;1019;74994;1468;PN
2023;11;23;100890000000;FICs;1008;21292766;1468;PR
2023;11;23;100800000000;FICs;1019;406680358;1467;PY
2023;11;23;1001090000000;FICs;10007;1678;1468;PN
2023;11;23;10038643094;Renta Variable;1005;74811;1466;PN
2023;11;23;100890000000;FICs;1019;24637324;1468;PR
2023;11;23;10020203023;FICs;10007;8302039;1468;PR
2023;11;23;10039616197;Renta Variable;1012;13144000;1466;PN
2023;11;23;10039616197;Renta Variable;1005;74811;1466;PN
2023;11;23;100830000000;Renta Variable;1005;124658;1466;PY
2023;11;23;10079142847;Renta Variable;1004;3737290;1468;PF
2023;11;23;100901000000;FICs;1019;28304543;1467;EG
2023;11;23;10020203023;FICs;1019;90403335;1468;PR
2023;11;23;1001050000000;Renta Variable;1004;2515000;1466;PN
2023;11;23;10038643094;FICs;1018;82084649;1466;PN
2023;11;23;1001030000000;Renta Variable;1004;1257500;1468;PN
2023;11;23;10032184607;Renta Variable;1016;4389000;1468;PN
2023;11;23;10020203023;FICs;None;483026998;1468;PR
2023;11;23;10039538018;FICs;10007;322883;1468;PN
2023;11;23;10032184607;Renta Variable;1014;6230400;1468;PN
2023;11;23;10032184607;Renta Variable;1011;6658200;1468;PN
2023;11;23;10039616197;Renta Variable;1004;2515000;1466;PN
2023;11;23;10039553126;FICs;1018;616755;1466;PN
2023;11;23;1004870235;Renta Variable;1004;8324650;1469;PN
2023;11;23;10020203023;FICs;1020;62586311;1468;PR
2023;11;23;10021382511;Renta Variable;1004;2515000;1466;PN
2023;11;23;10032184607;Renta Variable;1002;7350000;1468;PN
2023;11;23;10032184607;Renta Variable;1022;5233011;1468;PN
2023;11;23;10020203023;FICs;1010;151336903;1468;PR
2023;11;23;10066848163;FICs;10007;602570;1466;PN
2023;11;23;10020203023;Renta Fija;1000;424116000;1468;PR
2023;11;23;10039616197;Renta Variable;1004;2515000;1466;PN
2023;11;23;10032184607;Renta Variable;1017;4800000;1468;PN
2023;11;23;1001140000000;Renta Variable;1004;2515000;1466;PN
2023;11;23;10079414250;Renta Variable;1004;1257500;1466;PN
2023;11;23;10020203023;FICs;1009;105872140;1468;PR
2023;11;23;10026419826;Renta Variable;1005;74811;1466;PN
2023;11;23;100900000000;FICs;1019;21341118;1467;PF
2023;11;23;10032184607;Renta Variable;1015;3900000;1468;PN
2023;11;23;10014876058;Renta Variable;1012;7176500;1466;PN
2023;11;23;1001140000000;FICs;10007;10003;1468;PN
2023;11;23;1001140000000;FICs;10007;10003;1468;PN
2023;11;23;10071747544;FICs;10007;598528;1469;PN
2023;11;23;10079142847;Renta Variable;1017;1860000;1468;PF
2023;11;23;10079142847;Renta Variable;1014;3256800;1468;PF
2023;11;24;10039616197;Renta Variable;1012;12923520;1466;PN
2023;11;24;10020203023;FICs;1010;151412706;1468;PR
2023;11;24;10039616197;Renta Variable;1005;74811;1466;PN
2023;11;24;10020203023;FICs;1019;90426312;1468;PR
2023;11;24;1001050000000;Renta Variable;1004;2500000;1466;PN
2023;11;24;10032184607;Renta Variable;1002;7395000;1468;PN
2023;11;24;10014876058;Renta Variable;1012;7056120;1466;PN
2023;11;24;10079414250;Renta Variable;1004;1250000;1466;PN
2023;11;24;100901000000;FICs;1019;28311737;1467;EG
2023;11;24;1001140000000;FICs;10007;10005;1468;PN
2023;11;24;10032184607;Renta Variable;1022;5233011;1468;PN
2023;11;24;100800000000;FICs;1019;406783719;1467;PY
2023;11;24;10036346714;Renta Variable;1004;1250000;1466;PN
2023;11;24;10071747544;FICs;10007;598676;1469;PN
2023;11;24;100900000000;FICs;1019;21346542;1467;PF
2023;11;24;1001140000000;FICs;10007;10005;1468;PN
2023;11;24;10032184607;Renta Variable;1017;4800000;1468;PN
2023;11;24;100900000000;FICs;10007;691063971;1467;PF
2023;11;24;1004870235;Renta Variable;1004;8275000;1469;PN
2023;11;24;1001140000000;Renta Variable;1004;2500000;1466;PN
2023;11;24;10098522488;Renta Variable;1004;3750000;1466;PN
2023;11;24;10066848163;FICs;10007;602718;1466;PN
2023;11;24;10032184607;Renta Variable;1014;6151200;1468;PN
2023;11;24;100900000000;FICs;1019;21346542;1467;PF
2023;11;24;10079142847;Renta Variable;1017;1860000;1468;PF
2023;11;24;10020203023;Renta Fija;1000;424237600;1468;PR
2023;11;24;10041560001;Renta Variable;1004;1250000;1466;PN
2023;11;24;100902000000;FICs;1019;1018823092;1467;PF
2023;11;24;10026419826;Renta Variable;1005;74811;1466;PN
2023;11;24;1001030000000;Renta Variable;1004;1250000;1468;PN
2023;11;24;100830000000;Renta Variable;1005;124658;1466;PY
2023;11;24;10039616197;Renta Variable;1012;12923520;1466;PN
2023;11;24;10038643094;FICs;1018;82086011;1466;PN
2023;11;24;10020203023;Renta Fija;1001;655224500;1468;PR
2023;11;24;10020203023;FICs;1020;62606468;1468;PR
2023;11;24;10020203023;FICs;10007;8304088;1468;PR
2023;11;24;100890000000;Renta Fija;None;118328000;1468;PR
2023;11;24;10038643094;Renta Variable;1005;74811;1466;PN
2023;11;24;10038643094;FICs;10007;277393;1466;PN
2023;11;24;10039616197;Renta Variable;1004;2500000;1466;PN
2023;11;24;100890000000;FICs;1019;24643586;1468;PR
2023;11;24;10039616197;Renta Variable;1004;2500000;1466;PN
2023;11;24;10039553126;FICs;1018;616766;1466;PN
2023;11;24;1001090000000;FICs;10007;1678;1468;PN
2023;11;24;100800000000;FICs;1019;406783719;1467;PY
2023;11;24;10079142847;Renta Variable;1014;3215400;1468;PF
2023;11;24;1001010000000;FICs;10007;28894613;1468;PN
2023;11;24;10020203023;FICs;None;482176931;1468;PR
2023;11;24;10032184607;Renta Variable;None;3885000;1468;PN
2023;11;24;100890000000;FICs;1008;21298690;1468;PR
2023;11;24;10032184607;FICs;1019;75014;1468;PN
2023;11;24;10039538018;FICs;10007;322963;1468;PN
2023;11;24;100900000000;FICs;10007;691063971;1467;PF
2023;11;24;10079142847;Renta Variable;1004;3715000;1468;PF
2023;11;24;10032184607;Renta Variable;1016;4389000;1468;PN
2023;11;24;10032184607;Renta Variable;1015;3910000;1468;PN
2023;11;24;10021382511;Renta Variable;1004;2500000;1466;PN
2023;11;24;10039616197;Renta Variable;1005;74811;1466;PN
2023;11;24;10032184607;Renta Variable;1011;6655460;1468;PN
2023;11;24;10020203023;FICs;1009;105895565;1468;PR
2023;11;27;1001140000000;Renta Variable;1004;2575000;1466;PN
2023;11;27;10071747544;FICs;10007;599286;1469;PN
2023;11;27;10098522488;Renta Variable;1004;3862500;1466;PN
2023;11;27;100902000000;FICs;1019;1019768842;1467;PF
2023;11;27;10032184607;Renta Variable;None;3885000;1468;PN
2023;11;27;10079142847;Renta Variable;1017;1891000;1468;PF
2023;11;27;100800000000;FICs;1019;407161327;1467;PY
2023;11;27;100900000000;FICs;10007;691767984;1467;PF
2023;11;27;100890000000;FICs;1008;21323851;1468;PR
2023;11;27;10039616197;Renta Variable;1012;12923520;1466;PN
2023;11;27;10014876058;Renta Variable;1012;7056120;1466;PN
2023;11;27;10039553126;FICs;1018;617273;1466;PN
2023;11;27;10039616197;Renta Variable;1012;12923520;1466;PN
2023;11;27;10026419826;Renta Variable;1005;74811;1466;PN
2023;11;27;100830000000;Renta Variable;1005;124658;1466;PY
2023;11;27;1004870235;Renta Variable;1004;8523250;1469;PN
2023;11;27;10032184607;Renta Variable;1022;5233011;1468;PN
2023;11;27;10039538018;FICs;10007;323292;1468;PN
2023;11;27;100890000000;FICs;1019;24666462;1468;PR
2023;11;27;10079142847;Renta Variable;1004;3826450;1468;PF
2023;11;27;10038643094;FICs;1018;82153549;1466;PN
2023;11;27;10032184607;Renta Variable;1015;3950000;1468;PN
2023;11;27;10020203023;FICs;1019;90510253;1468;PR
2023;11;27;100900000000;FICs;1019;21366358;1467;PF
2023;11;27;100800000000;FICs;1019;407161327;1467;PY
2023;11;27;10041560001;Renta Variable;1004;1287500;1466;PN
2023;11;27;10039616197;Renta Variable;1004;2575000;1466;PN
2023;11;27;10020203023;FICs;None;480859692;1468;PR
2023;11;27;10079142847;Renta Variable;1014;3240700;1468;PF
2023;11;27;10036346714;Renta Variable;1004;1287500;1466;PN
2023;11;27;10039616197;Renta Variable;1005;74811;1466;PN
2023;11;27;10020203023;Renta Fija;1000;424643600;1468;PR
2023;11;27;1001140000000;FICs;10007;10015;1468;PN
2023;11;27;10020203023;FICs;1009;1972323;1468;PR
2023;11;27;10020203023;FICs;1020;62626157;1468;PR
2023;11;27;10038643094;FICs;10007;277676;1466;PN
2023;11;27;10079414250;Renta Variable;1004;1287500;1466;PN
2023;11;27;10021382511;Renta Variable;1004;2575000;1466;PN
2023;11;27;100900000000;FICs;10007;691767984;1467;PF
2023;11;27;100901000000;FICs;1019;28338018;1467;EG
2023;11;27;100900000000;FICs;1019;21366358;1467;PF
2023;11;27;1001090000000;FICs;10007;1680;1468;PN
2023;11;27;10032184607;FICs;1019;75083;1468;PN
2023;11;27;10032184607;Renta Variable;1002;7500000;1468;PN
2023;11;27;10032184607;Renta Variable;1016;4452840;1468;PN
2023;11;27;1001050000000;Renta Variable;1004;2575000;1466;PN
2023;11;27;1001010000000;FICs;10007;28924049;1468;PN
2023;11;27;10032184607;Renta Variable;1011;6655460;1468;PN
2023;11;27;10020203023;Renta Fija;1001;655902000;1468;PR
2023;11;27;1001030000000;Renta Variable;1004;1287500;1468;PN
2023;11;27;10032184607;Renta Variable;1014;6199600;1468;PN
2023;11;27;10066848163;FICs;10007;453201;1466;PN
2023;11;27;10020203023;FICs;1010;151582940;1468;PR
2023;11;27;10020203023;FICs;10007;112069024;1468;PR
2023;11;27;10038643094;Renta Variable;1005;74811;1466;PN
2023;11;27;10039616197;Renta Variable;1005;74811;1466;PN
2023;11;27;1001140000000;FICs;10007;10015;1468;PN
2023;11;27;10032184607;Renta Variable;1017;4880000;1468;PN
2023;11;27;10039616197;Renta Variable;1004;2575000;1466;PN
2023;11;28;10020203023;FICs;10007;12090136;1468;PR
2023;11;28;10079142847;Renta Variable;1014;3217700;1468;PF
2023;11;28;10039616197;Renta Variable;1004;2520000;1466;PN
2023;11;28;10020203023;FICs;None;482984136;1468;PR
2023;11;28;10039616197;Renta Variable;1005;74811;1466;PN
2023;11;28;10039616197;Renta Variable;1005;74811;1466;PN
2023;11;28;100890000000;FICs;1008;21330514;1468;PR
2023;11;28;10020203023;FICs;1020;62684391;1468;PR
2023;11;28;10032184607;Renta Variable;1016;4468800;1468;PN
2023;11;28;1004870235;Renta Variable;1004;8341200;1469;PN
2023;11;28;1001030000000;Renta Variable;1004;1260000;1468;PN
2023;11;28;100890000000;FICs;1019;24673328;1468;PR
2023;11;28;100830000000;Renta Variable;1005;124658;1466;PY
2023;11;28;10020203023;FICs;1019;90535447;1468;PR
2023;11;28;100800000000;FICs;1019;407274664;1467;PY
2023;11;28;10039538018;FICs;10007;323366;1468;PN
2023;11;28;10032184607;FICs;1019;75104;1468;PN
2023;11;28;10014876058;Renta Variable;1012;7000560;1466;PN
2023;11;28;10038643094;FICs;1018;82234334;1466;PN
2023;11;28;1001010000000;FICs;10007;28930655;1468;PN
2023;11;28;10039553126;FICs;1018;617880;1466;PN
2023;11;28;10032184607;Renta Variable;1022;5233011;1468;PN
2023;11;28;10032184607;Renta Variable;1011;6586960;1468;PN
2023;11;28;100900000000;FICs;1019;21372305;1467;PF
2023;11;28;100900000000;FICs;10007;691925979;1467;PF
2023;11;28;10079414250;Renta Variable;1004;1260000;1466;PN
2023;11;28;10032184607;Renta Variable;1002;7485000;1468;
2023;11;28;1001090000000;FICs;10007;1680;1468;PN
2023;11;28;10041560001;Renta Variable;1004;1260000;1466;PN
2023;11;28;10020203023;FICs;1009;1972953;1468;PR
2023;11;28;100900000000;FICs;1019;21372305;1467;PF
2023;11;28;10020203023;FICs;1008;100000000;1468;PR
2023;11;28;100902000000;FICs;1019;1020052703;1467;PF
2023;11;28;10026419826;Renta Variable;1005;74811;1466;PN
2023;11;28;10032184607;Renta Variable;None;3885000;1468;PN
2023;11;28;10038643094;Renta Variable;1005;74811;1466;PN
2023;11;28;1001140000000;FICs;10007;10018;1468;PN
2023;11;28;10071747544;FICs;10007;599423;1469;PN
2023;11;28;100;Renta Variable;1015;3930000;1468;PN
2023;11;28;1001140000000;FICs;10007;10018;1468;PN
2023;11;28;10038643094;FICs;10007;277739;1466;PN
2023;11;28;10020203023;Renta Fija;1001;656099500;1468;PR
2023;11;28;10098522488;Renta Variable;1004;3780000;1466;PN
2023;11;28;100901000000;FICs;1019;28345906;1467;EG
2023;11;28;10079142847;Renta Variable;1017;1875500;1468;PF
2023;11;28;100800000000;FICs;1019;407274664;1467;PY
2023;11;28;10039616197;Renta Variable;1004;2520000;1466;PN
2023;11;28;10039616197;Renta Variable;1012;12821760;1466;PN
2023;11;28;100900000000;FICs;10007;691925979;1467;PF
2023;11;28;10032184607;Renta Variable;1014;6155600;1468;PN
2023;11;28;10032184607;Renta Variable;1017;4840000;1468;PN
2023;11;28;10020203023;Renta Fija;1000;424819200;1468;PR
2023;11;28;10020203023;FICs;1010;151635402;1468;PR
2023;11;28;1001050000000;Renta Variable;1004;2520000;1466;PN
2023;11;28;10066848163;FICs;10007;453305;1466;PN
2023;11;28;1001140000000;Renta Variable;1004;2520000;1466;PN
2023;11;28;10079142847;Renta Variable;1004;3744720;1468;PF
2023;11;28;10021382511;Renta Variable;1004;2520000;1466;PN
2023;11;28;10039616197;Renta Variable;1012;12821760;1466;PN
2023;11;28;10036346714;Renta Variable;1004;1260000;1466;PN
2023;11;29;10020203023;FICs;1020;62705063;1468;PR
2023;11;29;10039616197;Renta Variable;1005;74811;1466;PN
2023;11;29;1001030000000;Renta Variable;1004;1270000;1468;PN
2023;11;29;100890000000;FICs;1019;142423953;1468;PR
2023;11;29;10020203023;FICs;10007;12093478;1468;PR
2023;11;29;100830000000;Renta Variable;1005;124658;1466;PY
2023;11;29;10032184607;Renta Variable;1022;5233011;1468;PN
2023;11;29;10032184607;Renta Variable;1011;6603400;1468;PN
2023;11;29;10066848163;FICs;10007;453430;1466;PN
2023;11;29;10032184607;Renta Variable;1016;4373040;1468;PN
2023;11;29;10039553126;FICs;1018;618123;1466;PN
2023;11;29;10020203023;FICs;None;484737961;1468;PR
2023;11;29;1001140000000;FICs;10007;10020;1468;PN
2023;11;29;1004870235;Renta Variable;1004;8407400;1469;PN
2023;11;29;10039616197;Renta Variable;1012;12889600;1466;PN
2023;11;29;100900000000;FICs;1019;21377632;1467;PF
2023;11;29;10038643094;FICs;1018;82266731;1466;PN
2023;11;29;10079142847;Renta Variable;1014;3197000;1468;PF
2023;11;29;10020203023;FICs;1008;100046192;1468;PR
2023;11;29;100900000000;FICs;10007;392117221;1467;PF
2023;11;29;100902000000;FICs;1019;1020306912;1467;PF
2023;11;29;1001090000000;FICs;10007;1681;1468;PN
2023;11;29;10032184607;Renta Variable;1017;4856000;1468;PN
2023;11;29;10032184607;Renta Variable;1014;6116000;1468;PN
2023;11;29;100900000000;FICs;1019;21377632;1467;PF
2023;11;29;10032184607;FICs;1019;75123;1468;PN
2023;11;29;10038643094;FICs;10007;277816;1466;PN
2023;11;29;10032184607;Renta Variable;None;3962700;1468;PN
2023;11;29;1001140000000;FICs;10007;10020;1468;PN
2023;11;29;100800000000;FICs;1019;407376161;1467;PY
2023;11;29;10039616197;Renta Variable;1012;12889600;1466;PN
2023;11;29;10098522488;Renta Variable;1004;3810000;1466;PN
2023;11;29;10020203023;Renta Fija;1000;424972800;1468;PR
2023;11;29;1001010000000;FICs;10007;28938651;1468;PN
2023;11;29;10020203023;FICs;1019;90558010;1468;PR
2023;11;29;10039616197;Renta Variable;1005;74811;1466;PN
2023;11;29;10014876058;Renta Variable;1012;7037600;1466;PN
2023;11;29;10020203023;FICs;1009;1972684;1468;PR
2023;11;29;10079142847;Renta Variable;1004;3774440;1468;PF
2023;11;29;10039616197;Renta Variable;1004;2540000;1466;PN
2023;11;29;10041560001;Renta Variable;1004;1270000;1466;PN
2023;11;29;10020203023;FICs;1010;151678814;1468;PR
2023;11;29;1001050000000;Renta Variable;1004;2540000;1466;PN
2023;11;29;10079142847;Renta Variable;1017;1881700;1468;PF
2023;11;29;100800000000;FICs;1019;407376161;1467;PY
2023;11;29;10079414250;Renta Variable;1004;1270000;1466;PN
2023;11;29;1001140000000;Renta Variable;1004;2540000;1466;PN
2023;11;29;10039538018;FICs;10007;323455;1468;PN
2023;11;29;10021382511;Renta Variable;1004;2540000;1466;PN
2023;11;29;100901000000;FICs;1019;28352970;1467;EG
2023;11;29;100900000000;FICs;10007;392117221;1467;PF
2023;11;29;10026419826;Renta Variable;1005;74811;1466;PN
2023;11;29;10020203023;Renta Fija;1001;656328000;1468;PR
2023;11;29;10071747544;FICs;10007;599588;1469;PN
2023;11;29;10032184607;Renta Variable;1002;7335000;1468;PN
2023;11;29;10038643094;Renta Variable;1005;74811;1466;PN
2023;11;29;100890000000;FICs;1008;21340367;1468;PR
2023;11;29;10036346714;Renta Variable;1004;1270000;1466;PN
2023;11;29;10032184607;Renta Variable;1015;3940000;1468;PN
2023;11;29;10039616197;Renta Variable;1004;2540000;1466;PN
2023;11;30;10020203023;FICs;1010;151734656;1468;PR
2023;11;30;10020203023;Renta Fija;1000;425047700;1468;PR
2023;11;30;10039616197;Renta Variable;1005;74811;1466;PN
2023;11;30;10032184607;Renta Variable;1015;3945000;1468;PN
2023;11;30;1001090000000;FICs;10007;1681;1468;PN
2023;11;30;10079142847;Renta Variable;1014;3208500;1468;PF
2023;11;30;100890000000;FICs;1008;21357891;1468;PR
2023;11;30;10038643094;FICs;10007;277907;1466;PN
2023;11;30;100900000000;FICs;10007;392246591;1467;PF
2023;11;30;10039616197;Renta Variable;1004;2535000;1466;PN
2023;11;30;10041560001;Renta Variable;1004;1267500;1466;PN
2023;11;30;10014876058;Renta Variable;1012;7019080;1466;PN
2023;11;30;10039553126;FICs;1018;619051;1466;PN
2023;11;30;1001140000000;FICs;10007;10024;1468;PN
2023;11;30;1001050000000;Renta Variable;1004;2535000;1466;PN
2023;11;30;10036346714;Renta Variable;1004;1267500;1466;PN
2023;11;30;10020203023;FICs;None;485482830;1468;PR
2023;11;30;10021382511;Renta Variable;1004;2535000;1466;PN
2023;11;30;10032184607;Renta Variable;1016;4157580;1468;PN
2023;11;30;1001010000000;FICs;10007;28948199;1468;PN
2023;11;30;100901000000;FICs;1019;28359752;1467;EG
2023;11;30;1001140000000;Renta Variable;1004;2535000;1466;PN
2023;11;30;1004870235;Renta Variable;1004;8390850;1469;PN
2023;11;30;10032184607;Renta Variable;1017;4920000;1468;PN
2023;11;30;10039538018;FICs;10007;323562;1468;PN
2023;11;30;10066848163;FICs;10007;453580;1466;PN
2023;11;30;100900000000;FICs;1019;21382745;1467;PF
2023;11;30;1001030000000;Renta Variable;1004;1267500;1468;PN
2023;11;30;10032184607;Renta Variable;1014;6138000;1468;PN
2023;11;30;100900000000;FICs;10007;392246591;1467;PF
2023;11;30;10038643094;Renta Variable;1005;74811;1466;PN
2023;11;30;10032184607;Renta Variable;1011;6685600;1468;PN
2023;11;30;10038643094;FICs;1018;82390205;1466;PN
2023;11;30;10079142847;Renta Variable;1004;3767010;1468;PF
2023;11;30;10020203023;FICs;1009;1973270;1468;PR
2023;11;30;10032184607;Renta Variable;1022;5233011;1468;PN
2023;11;30;10020203023;FICs;10007;12097468;1468;PR
2023;11;30;100890000000;FICs;1019;142458019;1468;PR
2023;11;30;10071747544;FICs;10007;599786;1469;PN
2023;11;30;10020203023;Renta Fija;1001;656693500;1468;PR
2023;11;30;10079142847;Renta Variable;1017;1906500;1468;PF
2023;11;30;10032184607;FICs;1019;75141;1468;PN
2023;11;30;100830000000;Renta Variable;1005;124658;1466;PY
2023;11;30;10032184607;Renta Variable;None;3962700;1468;PN
2023;11;30;10020203023;FICs;1020;62724676;1468;PR
2023;11;30;10079414250;Renta Variable;1004;1267500;1466;PN
2023;11;30;10098522488;Renta Variable;1004;3802500;1466;PN
2023;11;30;100800000000;FICs;1019;407473601;1467;PY
2023;11;30;100900000000;FICs;1019;21382745;1467;PF
2023;11;30;10020203023;FICs;1019;90579670;1468;PR
2023;11;30;10020203023;FICs;1008;100128343;1468;PR
2023;11;30;100902000000;FICs;1019;1020550958;1467;PF
2023;11;30;10039616197;Renta Variable;1004;2535000;1466;PN
2023;11;30;10032184607;Renta Variable;1002;7380000;1468;PN
2023;11;30;1001140000000;FICs;10007;10024;1468;PN
2023;11;30;10026419826;Renta Variable;1005;74811;1466;PN
2023;11;30;10039616197;Renta Variable;1012;12855680;1466;PN
2023;11;30;10039616197;Renta Variable;1012;12855680;1466;PN
2023;11;30;100800000000;FICs;1019;407473601;1467;PY
2023;11;30;10039616197;Renta Variable;1005;74811;1466;PN
2023;12;1;10039616197;Renta Variable;1005;74811;1466;PN
2023;12;1;100900000000;FICs;10007;392487374;1467;PF
2023;12;1;100900000000;FICs;1019;21390958;1467;PF
2023;12;1;1001140000000;Renta Variable;1004;2520000;1466;PN
2023;12;1;100800000000;FICs;1019;407630111;1467;PY
2023;12;1;10020203023;Renta Fija;1000;425259100;1468;PR
2023;12;1;1001140000000;FICs;10007;10030;1468;PN
2023;12;1;1001010000000;FICs;10007;28965969;1468;PN
2023;12;1;10020203023;FICs;None;484577867;1468;PR
2023;12;1;10014876058;Renta Variable;1012;7019080;1466;PN
2023;12;1;1001030000000;Renta Variable;1004;1260000;1468;PN
2023;12;1;10041560001;Renta Variable;1004;1260000;1466;PN
2023;12;1;10039616197;Renta Variable;1005;74811;1466;PN
2023;12;1;10039538018;FICs;10007;323760;1468;PN
2023;12;1;10026419826;Renta Variable;1005;74811;1466;PN
2023;12;1;10020203023;FICs;10007;10098009;1468;PR
2023;12;1;10039553126;FICs;1018;618792;1466;PN
2023;12;1;10098522488;Renta Variable;1004;3780000;1466;PN
2023;12;1;1004870235;Renta Variable;1004;8341200;1469;PN
2023;12;1;10038643094;FICs;1018;82355744;1466;PN
2023;12;1;10020203023;Renta Fija;1001;656737000;1468;PR
2023;12;1;10032184607;Renta Variable;1011;6713000;1468;PN
2023;12;1;100900000000;FICs;1019;21390958;1467;PF
2023;12;1;10079142847;Renta Variable;1004;3744720;1468;PF
2023;12;1;10032184607;Renta Variable;1002;7200000;1468;PN
2023;12;1;100901000000;FICs;1019;28370645;1467;EG
2023;12;1;1001090000000;FICs;10007;1683;1468;PN
2023;12;1;10038643094;FICs;10007;278078;1466;PN
2023;12;1;10032184607;Renta Variable;None;3962700;1468;PN
2023;12;1;10020203023;FICs;1010;151752411;1468;PR
2023;12;1;10032184607;FICs;1019;75170;1468;PN
2023;12;1;1001050000000;Renta Variable;1004;2520000;1466;PN
2023;12;1;10032184607;Renta Variable;1014;6116000;1468;PN
2023;12;1;10020203023;FICs;1009;1973681;1468;PR
2023;12;1;10036346714;Renta Variable;1004;1260000;1466;PN
2023;12;1;10079142847;Renta Variable;1017;1915800;1468;PF
2023;12;1;10032184607;Renta Variable;1017;4944000;1468;PN
2023;12;1;10032184607;Renta Variable;1015;3990000;1468;PN
2023;12;1;10020203023;FICs;1008;100134277;1468;PR
2023;12;1;10039616197;Renta Variable;1004;2520000;1466;PN
2023;12;1;100900000000;FICs;10007;392487374;1467;PF
2023;12;1;1001140000000;FICs;10007;10030;1468;PN
2023;12;1;10071747544;FICs;10007;600154;1469;PN
2023;12;1;10021382511;Renta Variable;1004;2520000;1466;PN
2023;12;1;10039616197;Renta Variable;1012;12855680;1466;PN
2023;12;1;10020203023;FICs;1020;62744831;1468;PR
2023;12;1;10039616197;Renta Variable;1012;12855680;1466;PN
2023;12;1;10039616197;Renta Variable;1004;2520000;1466;PN
2023;12;1;10020203023;FICs;1019;90614462;1468;PR
2023;12;1;100890000000;FICs;1008;21359156;1468;PR
2023;12;1;100890000000;FICs;1019;142512737;1468;PR
2023;12;1;100830000000;Renta Variable;1005;124658;1466;PY
2023;12;1;10079142847;Renta Variable;1014;3197000;1468;PF
2023;12;1;10032184607;Renta Variable;1016;4269300;1468;PN
2023;12;1;10032184607;Renta Variable;1022;5233011;1468;PN
2023;12;1;10079414250;Renta Variable;1004;1260000;1466;PN
2023;12;1;100800000000;FICs;1019;407630111;1467;PY
2023;12;1;10038643094;Renta Variable;1005;74811;1466;PN
2023;12;1;100902000000;FICs;1019;1020942949;1467;PF
2023;12;1;10066848163;FICs;10007;453858;1466;PN
2023;12;4;10071747544;FICs;10007;600611;1469;PN
2023;12;4;1001140000000;FICs;10007;10037;1468;PN
2023;12;4;10098522488;Renta Variable;1004;3817500;1466;PN
2023;12;4;10026419826;Renta Variable;1005;74811;1466;PN
2023;12;4;10032184607;Renta Variable;1015;4000000;1468;PN
2023;12;4;1001090000000;FICs;10007;1684;1468;PN
2023;12;4;100900000000;FICs;1019;21410580;1467;PF
2023;12;4;10014876058;Renta Variable;1012;7046860;1466;PN
2023;12;4;10020203023;FICs;1020;62762900;1468;PR
2023;12;4;10041560001;Renta Variable;1004;1272500;1466;PN
2023;12;4;10020203023;Renta Fija;1000;425655500;1468;PR
2023;12;4;1004870235;Renta Variable;1004;8423950;1469;PN
2023;12;4;10020203023;FICs;10007;10105690;1468;PR
2023;12;4;100890000000;FICs;1019;142643465;1468;PR
2023;12;4;10020203023;FICs;None;486441956;1468;PR
2023;12;4;1001010000000;FICs;10007;33990806;1468;PN
2023;12;4;100830000000;Renta Variable;1005;124658;1466;PY
2023;12;4;1001140000000;FICs;10007;10037;1468;PN
2023;12;4;10079142847;Renta Variable;1004;3781870;1468;PF
2023;12;4;10020203023;FICs;1009;1975472;1468;PR
2023;12;4;100901000000;FICs;1019;28396669;1467;EG
2023;12;4;10079142847;Renta Variable;1014;3229200;1468;PF
2023;12;4;10036346714;Renta Variable;1004;1272500;1466;PN
2023;12;4;10039553126;FICs;1018;619560;1466;PN
2023;12;4;10032184607;FICs;1019;75239;1468;PN
2023;12;4;10020203023;Renta Fija;1001;657529000;1468;PR
2023;12;4;10066848163;FICs;10007;5457008;1466;PN
2023;12;4;10038643094;Renta Variable;1005;74811;1466;PN
2023;12;4;100900000000;FICs;1019;21410580;1467;PF
2023;12;4;100800000000;FICs;1019;408004033;1467;PY
2023;12;4;10039616197;Renta Variable;1012;12906560;1466;PN
2023;12;4;100900000000;FICs;1019;21410580;1467;PF
2023;12;4;100890000000;FICs;1008;21381309;1468;PR
2023;12;4;10032184607;Renta Variable;None;3962700;1468;PN
2023;12;4;10038643094;FICs;10007;278289;1466;PN
2023;12;4;10032184607;Renta Variable;1022;5233011;1468;PN
2023;12;4;10020203023;FICs;1010;151923058;1468;PR
2023;12;4;10032184607;Renta Variable;1014;6177600;1468;PN
2023;12;4;1001050000000;Renta Variable;1004;2545000;1466;PN
2023;12;4;10038643094;FICs;1018;82457889;1466;PN
2023;12;4;1001140000000;Renta Variable;1004;2545000;1466;PN
2023;12;4;100800000000;FICs;1019;408004033;1467;PY
2023;12;4;10039538018;FICs;10007;324006;1468;PN
2023;12;4;10020203023;FICs;1019;90697583;1468;PR
2023;12;4;10039616197;Renta Variable;1012;12906560;1466;PN
2023;12;4;10032184607;Renta Variable;1017;4952000;1468;PN
2023;12;4;10039616197;Renta Variable;1004;2545000;1466;PN
2023;12;4;1001030000000;Renta Variable;1004;1272500;1468;PN
2023;12;4;10079142847;Renta Variable;1017;1918900;1468;PF
2023;12;4;100900000000;FICs;10007;392785902;1467;PF
2023;12;4;10039616197;Renta Variable;1004;2545000;1466;PN
2023;12;4;10039616197;Renta Variable;1005;74811;1466;PN
2023;12;4;10039616197;Renta Variable;1005;74811;1466;PN
2023;12;4;10021382511;Renta Variable;1004;2545000;1466;PN
2023;12;4;10032184607;Renta Variable;1016;4301220;1468;PN
2023;12;4;100900000000;FICs;10007;392785902;1467;PF
2023;12;4;10079414250;Renta Variable;1004;1272500;1466;PN
2023;12;4;10032184607;Renta Variable;1002;7320000;1468;PN
2023;12;4;100902000000;FICs;1019;1021879469;1467;PF
2023;12;4;10020203023;FICs;1008;100238132;1468;PR
2023;12;4;10032184607;Renta Variable;1011;6850000;1468;PN
2023;12;5;1001140000000;;1004;2545000;1466;PN
2023;12;5;10020203023;FICs;1008;100230841;1468;PR
2023;12;5;100890000000;FICs;1008;21379754;1468;PR
2023;12;5;1004870235;Renta Variable;1004;8423950;1469;PN
2023;12;5;10039616197;Renta Variable;1005;74811;1466;PN
2023;12;5;1001030000000;Renta Variable;1004;1272500;1468;PN
2023;12;5;10038643094;FICs;10007;278342;1466;PN
2023;12;5;10039616197;Renta Variable;1012;12889600;1466;PN
2023;12;5;10020203023;FICs;1019;90721412;1468;PR
2023;12;5;10039553126;FICs;1018;619376;1466;PN
2023;12;5;10020203023;Renta Fija;1001;657665000;1468;PR
2023;12;5;10032184607;Renta Variable;1016;4261320;1468;PN
2023;12;5;10039538018;FICs;10007;324067;1468;PN
2023;12;5;100830000000;Renta Variable;1005;124658;1466;PY
2023;12;5;10039616197;Renta Variable;1005;74811;1466;PN
2023;12;5;100900000000;FICs;10007;392859394;1467;PF
2023;12;5;10041560001;Renta Variable;1004;1272500;1466;PN
2023;12;5;10020203023;FICs;1010;151952336;1468;PR
2023;12;5;100901000000;FICs;1019;28404130;1467;EG
2023;12;5;10038643094;FICs;1018;82433435;1466;PN
2023;12;5;10020203023;Renta Fija;1000;425819200;1468;PR
2023;12;5;100900000000;FICs;10007;392859394;1467;PF
2023;12;5;100902000000;FICs;1019;1022147950;1467;PF
2023;12;5;10021382511;Renta Variable;1004;2545000;1466;PN
2023;12;5;100800000000;FICs;1019;317739518;1467;PY
2023;12;5;10032184607;Renta Variable;1002;7365000;1468;PN
2023;12;5;100900000000;FICs;1019;21416205;1467;PF
2023;12;5;10032184607;Renta Variable;1015;3900000;1468;PN
2023;12;5;10098522488;Renta Variable;1004;3817500;1466;PN
2023;12;5;10032184607;Renta Variable;1011;6715740;1468;PN
2023;12;5;10020203023;FICs;1020;62762900;1468;PR
2023;12;5;10026419826;Renta Variable;1005;74811;1466;PN
2023;12;5;10079142847;Renta Variable;1014;3240700;1468;PF
2023;12;5;10032184607;Renta Variable;1017;5048000;1468;PN
2023;12;5;100800000000;FICs;1019;317739518;1467;PY
2023;12;5;10079142847;Renta Variable;1004;3781870;1468;PF
2023;12;5;1001050000000;Renta Variable;1004;2545000;1466;PN
2023;12;5;10032184607;Renta Variable;1022;5233011;1468;PN
2023;12;5;10020203023;FICs;10007;10107581;1468;PR
2023;12;5;10020203023;FICs;None;487690596;1468;PR
2023;12;5;10032184607;Renta Variable;None;3901650;1468;PN
2023;12;5;1001090000000;FICs;10007;1684;1468;PN
2023;12;5;1001010000000;FICs;10007;33997165;1468;PN
2023;12;5;10039616197;Renta Variable;1004;2545000;1466;PN
2023;12;5;100900000000;FICs;1019;21416205;1467;PF
2023;12;5;10079414250;Renta Variable;1004;1272500;1466;PN
2023;12;5;10066848163;FICs;10007;2872792;1466;PN
2023;12;5;100890000000;FICs;1019;142680942;1468;PR
2023;12;5;10071747544;FICs;10007;600723;1469;PN
2023;12;5;10039616197;Renta Variable;1004;2545000;1466;PN
2023;12;5;10032184607;Renta Variable;1014;6199600;1468;PN
2023;12;5;10014876058;Renta Variable;1012;7037600;1466;PN
2023;12;5;10079142847;Renta Variable;1017;1956100;1468;PF
2023;12;5;1001140000000;FICs;10007;10039;1468;PN
2023;12;5;1001140000000;FICs;10007;10039;1468;PN
2023;12;5;10038643094;Renta Variable;1005;74811;1466;PN
2023;12;5;10020203023;FICs;1009;1976070;1468;PR
2023;12;5;10032184607;FICs;1019;75258;1468;PN
2023;12;5;10036346714;Renta Variable;1004;1272500;1466;PN
2023;12;6;10066848163;FICs;10007;2874395;1466;PN
2023;12;6;1004870235;Renta Variable;1004;8324650;1469;PN
2023;12;6;100901000000;FICs;1019;1028415347;1467;EG
2023;12;6;10032184607;Renta Variable;1011;6704780;1468;PN
2023;12;6;10014876058;Renta Variable;1012;7083900;1466;PN
2023;12;6;10032184607;Renta Variable;1017;5000000;1468;PN
2023;12;6;10079414250;Renta Variable;1004;1257500;1466;PN
2023;12;6;100800000000;FICs;1019;317864997;1467;PY
2023;12;6;10079414250;Renta Variable;1004;1257500;1466;PN
2023;12;6;10039616197;Renta Variable;1012;12974400;1466;PN
2023;12;6;1001140000000;FICs;10007;10045;1468;PN
2023;12;6;10039616197;Renta Variable;1012;12974400;1466;PN
2023;12;6;100830000000;Renta Variable;1005;124658;1466;PY
2023;12;6;1001050000000;Renta Variable;1004;2515000;1466;PN
2023;12;6;10039616197;Renta Variable;1005;74811;1466;PN
2023;12;6;10020203023;FICs;1009;1976667;1468;PR
2023;12;6;10079142847;Renta Variable;1014;3222300;1468;PF
2023;12;6;1001140000000;Renta Variable;1004;2515000;1466;PN
2023;12;6;100902000000;FICs;1019;1022551609;1467;PF
2023;12;6;10032184607;Renta Variable;1015;3995000;1468;PN
2023;12;6;100900000000;FICs;1019;21424663;1467;PF
2023;12;6;1001010000000;FICs;10007;34016145;1468;PN
2023;12;6;10039616197;Renta Variable;1005;74811;1466;PN
2023;12;6;10039616197;Renta Variable;1004;2515000;1466;PN
2023;12;6;10021382511;Renta Variable;1004;2515000;1466;PN
2023;12;6;1001140000000;FICs;10007;10045;1468;PN
2023;12;6;10032184607;Renta Variable;None;3901650;1468;PN
2023;12;6;100800000000;FICs;1019;317864997;1467;PY
2023;12;6;10020203023;FICs;None;486991405;1468;PR
2023;12;6;10079142847;Renta Variable;1004;3737290;1468;PF
2023;12;6;10020203023;Renta Fija;1000;422519000;1468;PR
2023;12;6;10041560001;Renta Variable;1004;1257500;1466;PN
2023;12;6;10079142847;Renta Variable;1017;1937500;1468;PF
2023;12;6;10036346714;Renta Variable;1004;1257500;1466;PN
2023;12;6;10039538018;FICs;10007;324248;1468;PN
2023;12;6;100900000000;FICs;10007;393078716;1467;PF
2023;12;6;10020203023;FICs;1010;151999110;1468;PR
2023;12;6;100890000000;FICs;1019;142737289;1468;PR
2023;12;6;10039553126;FICs;1018;619861;1466;PN
2023;12;6;10032184607;Renta Variable;1014;6164400;1468;PN
2023;12;6;100900000000;FICs;1019;21424663;1467;PF
2023;12;6;1001090000000;FICs;10007;1685;1468;PN
2023;12;6;10032184607;Renta Variable;1016;4189500;1468;PN
2023;12;6;10039616197;Renta Variable;1004;2515000;1466;PN
2023;12;6;100900000000;FICs;10007;393078716;1467;PF
2023;12;6;10020203023;Renta Fija;1001;658015500;1468;PR
2023;12;6;10020203023;FICs;10007;10113224;1468;PR
2023;12;6;10098522488;Renta Variable;1004;3772500;1466;PN
2023;12;6;10032184607;Renta Variable;1022;5233011;1468;PN
2023;12;6;10020203023;FICs;1008;100308816;1468;PR
2023;12;6;1001030000000;Renta Variable;1004;1257500;1468;PN
2023;12;6;10038643094;Renta Variable;1005;74811;1466;PN
2023;12;6;10071747544;FICs;10007;601059;1469;PN
2023;12;6;10020203023;FICs;1019;94081844;1468;PR
2023;12;6;10032184607;Renta Variable;1002;7425000;1468;PN
2023;12;6;100890000000;FICs;1008;21396386;1468;PR
2023;12;6;10020203023;FICs;1020;62838571;1468;PR
2023;12;6;10026419826;Renta Variable;1005;74811;1466;PN
2023;12;6;10032184607;FICs;1019;75288;1468;PN
2023;12;6;10038643094;FICs;10007;278497;1466;PN
2023;12;6;10038643094;FICs;1018;82497964;1466;PN
2023;12;7;1001140000000;Renta Variable;1004;2455000;1466;PN
2023;12;7;1001050000000;Renta Variable;1004;2455000;1466;PN
2023;12;7;1004870235;Renta Variable;1004;8126050;1469;PN
2023;12;7;10026419826;Renta Variable;1005;74811;1466;PN
2023;12;7;10038643094;Renta Variable;1005;74811;1466;PN
2023;12;7;10032184607;Renta Variable;1017;4840000;1468;PN
2023;12;7;10020203023;FICs;None;488144020;1468;PR
2023;12;7;1001010000000;FICs;10007;34027199;1468;PN
2023;12;7;10041560001;Renta Variable;1004;1227500;1466;PN
2023;12;7;100901000000;FICs;1019;1028808222;1467;EG
2023;12;7;10039616197;Renta Variable;1012;12974400;1466;PN
2023;12;7;10020203023;FICs;10007;10116510;1468;PR
2023;12;7;100830000000;Renta Variable;1005;124658;1466;PY
2023;12;7;10038643094;FICs;1018;82599538;1466;PN
2023;12;7;10038643094;FICs;10007;278587;1466;PN
2023;12;7;100900000000;FICs;1019;21432848;1467;PF
2023;12;7;10039616197;Renta Variable;1005;74811;1466;PN
2023;12;7;10039553126;FICs;1018;620624;1466;PN
2023;12;7;10032184607;FICs;1019;75317;1468;PN
2023;12;7;10032184607;Renta Variable;1002;7335000;1468;PN
2023;12;7;10039538018;FICs;10007;324353;1468;PN
2023;12;7;10020203023;FICs;1020;62857242;1468;PR
2023;12;7;10071747544;FICs;10007;601254;1469;PN
2023;12;7;1001030000000;Renta Variable;1004;1227500;1468;PN
2023;12;7;10036346714;Renta Variable;1004;1227500;1466;PN
2023;12;7;100900000000;FICs;10007;393206448;1467;PF
2023;12;7;100900000000;FICs;10007;393206448;1467;PF
2023;12;7;10079142847;Renta Variable;1017;1875500;1468;PF
2023;12;7;10039616197;Renta Variable;1004;2455000;1466;PN
2023;12;7;10032184607;Renta Variable;1011;6660940;1468;PN
2023;12;7;10039616197;Renta Variable;1004;2455000;1466;PN
2023;12;7;10020203023;Renta Fija;1000;422816900;1468;PR
2023;12;7;10079414250;Renta Variable;1004;1227500;1466;PN
2023;12;7;100890000000;FICs;1008;21413691;1468;PR
2023;12;7;1001140000000;FICs;10007;10048;1468;PN
2023;12;7;100900000000;FICs;1019;21432848;1467;PF
2023;12;7;10032184607;Renta Variable;1015;3915000;1468;PN
2023;12;7;10021382511;Renta Variable;1004;2455000;1466;PN
2023;12;7;10079142847;Renta Variable;1004;3648130;1468;PF
2023;12;7;10032184607;Renta Variable;1016;4189500;1468;PN
2023;12;7;10098522488;Renta Variable;1004;3682500;1466;PN
2023;12;7;10020203023;Renta Fija;1001;658308000;1468;PR
2023;12;7;100800000000;FICs;1019;317986428;1467;PY
2023;12;7;10066848163;FICs;10007;2875329;1466;PN
2023;12;7;10020203023;FICs;1008;100389944;1468;PR
2023;12;7;10079142847;Renta Variable;1014;3208500;1468;PF
2023;12;7;10032184607;Renta Variable;1022;5233011;1468;PN
2023;12;7;100902000000;FICs;1019;1022942244;1467;PF
2023;12;7;10039616197;Renta Variable;1005;74811;1466;PN
2023;12;7;10020203023;FICs;1019;94117785;1468;PR
2023;12;7;10039616197;Renta Variable;1012;12974400;1466;PN
2023;12;7;10032184607;Renta Variable;None;3901650;1468;PN
2023;12;7;10014876058;Renta Variable;1012;7083900;1466;PN
2023;12;7;10020203023;FICs;1010;152068352;1468;PR
2023;12;7;1001140000000;FICs;10007;10048;1468;PN
2023;12;7;10020203023;FICs;1009;1977265;1468;PR
2023;12;7;100890000000;FICs;1019;142791817;1468;PR
2023;12;7;100800000000;FICs;1019;317986428;1467;PY
2023;12;7;10032184607;Renta Variable;1014;6138000;1468;PN
2023;12;7;1001090000000;FICs;10007;1686;1468;PN
2023;12;8;10020203023;FICs;None;488144020;1468;PR
2023;12;8;10039538018;FICs;10007;324445;1468;PN
2023;12;8;10079142847;Renta Variable;1004;3662990;1468;PF
2023;12;8;10079414250;Renta Variable;1004;1232500;1466;PN
2023;12;8;10039553126;FICs;1018;620816;1466;PN
2023;12;8;10039616197;Renta Variable;1005;74811;1466;PN
2023;12;8;1001140000000;FICs;10007;10051;1468;PN
2023;12;8;10020203023;FICs;1020;62857242;1468;PR
2023;12;8;1001140000000;Renta Variable;1004;2465000;1466;PN
2023;12;8;10038643094;FICs;10007;278666;1466;PN
2023;12;8;10098522488;Renta Variable;1004;3697500;1466;PN
2023;12;8;10026419826;Renta Variable;1005;74811;1466;PN
2023;12;8;10020203023;Renta Fija;1000;422871300;1468;PR
2023;12;8;10039616197;Renta Variable;1012;13398400;1466;PN
2023;12;8;10032184607;Renta Variable;1017;4968000;1468;PN
2023;12;8;10014876058;Renta Variable;1012;7315400;1466;PN
2023;12;8;100800000000;FICs;1019;317986428;1467;PY
2023;12;8;1001010000000;FICs;10007;34036826;1468;PN
2023;12;8;100901000000;FICs;1019;1028808222;1467;EG
2023;12;8;10039616197;Renta Variable;1005;74811;1466;PN
2023;12;8;1001140000000;FICs;10007;10051;1468;PN
2023;12;8;100902000000;FICs;1019;1022942244;1467;PF
2023;12;8;10020203023;FICs;1009;1977571;1468;PR
2023;12;8;1001050000000;Renta Variable;1004;2465000;1466;PN
2023;12;8;1001090000000;FICs;10007;1686;1468;PN
2023;12;8;10032184607;Renta Variable;1022;5233011;1468;PN
2023;12;8;1001030000000;Renta Variable;1004;1232500;1468;PN
2023;12;8;10020203023;Renta Fija;1001;658373500;1468;PR
2023;12;8;10032184607;Renta Variable;1015;4025000;1468;PN
2023;12;8;10020203023;FICs;10007;10119372;1468;PR
2023;12;8;10021382511;Renta Variable;1004;2465000;1466;PN
2023;12;8;10038643094;FICs;1018;82625040;1466;PN
2023;12;8;100890000000;FICs;1008;21423360;1468;PR
2023;12;8;100900000000;FICs;10007;393317699;1467;PF
2023;12;8;100900000000;FICs;1019;21432848;1467;PF
2023;12;8;10020203023;FICs;1019;94117785;1468;PR
2023;12;8;10020203023;FICs;1010;152067716;1468;PR
2023;12;8;10032184607;FICs;1019;75317;1468;PN
2023;12;8;10079142847;Renta Variable;1017;1925100;1468;PF
2023;12;8;10032184607;Renta Variable;1016;4093740;1468;PN
2023;12;8;10039616197;Renta Variable;1004;2465000;1466;PN
2023;12;8;10032184607;Renta Variable;1011;6808900;1468;PN
2023;12;8;10039616197;Renta Variable;1004;2465000;1466;PN
2023;12;8;10071747544;FICs;10007;601424;1469;PN
2023;12;8;10038643094;Renta Variable;1005;74811;1466;PN
2023;12;8;10036346714;Renta Variable;1004;1232500;1466;PN
2023;12;8;10041560001;Renta Variable;1004;1232500;1466;PN
2023;12;8;10039616197;Renta Variable;1012;13398400;1466;PN
2023;12;8;10032184607;Renta Variable;1014;6138000;1468;PN
2023;12;8;1004870235;Renta Variable;1004;8159150;1469;PN
2023;12;8;10079142847;Renta Variable;1014;3208500;1468;PF
2023;12;8;10032184607;Renta Variable;1002;7335000;1468;PN
2023;12;8;100890000000;FICs;1019;142791817;1468;PR
2023;12;8;100830000000;Renta Variable;1005;124658;1466;PY
2023;12;8;100800000000;FICs;1019;317986428;1467;PY
2023;12;8;100900000000;FICs;10007;393317699;1467;PF
2023;12;8;10066848163;FICs;10007;2275983;1466;PN
2023;12;8;10020203023;FICs;1008;100435272;1468;PR
2023;12;8;100900000000;FICs;1019;21432848;1467;PF
2023;12;8;10032184607;Renta Variable;None;3840600;1468;PN
2023;12;11;10032184607;Renta Variable;None;3840600;1468;PN
2023;12;11;10079142847;Renta Variable;1014;3208500;1468;PF
2023;12;11;1001140000000;FICs;10007;10059;1468;PN
2023;12;11;100902000000;FICs;1019;1024025968;1467;PF
2023;12;11;10038643094;FICs;1018;82703081;1466;PN
2023;12;11;100900000000;FICs;1019;21455554;1467;PF
2023;12;11;10079142847;Renta Variable;1004;3662990;1468;PF
2023;12;11;10032184607;Renta Variable;1002;7335000;1468;PN
2023;12;11;10041560001;Renta Variable;1004;1232500;1466;PN
2023;12;11;10032184607;Renta Variable;1017;4968000;1468;PN
2023;12;11;10020203023;FICs;10007;10127716;1468;PR
2023;12;11;1001140000000;Renta Variable;1004;2465000;1466;PN
2023;12;11;10032184607;FICs;1019;75397;1468;PN
2023;12;11;10020203023;FICs;None;489334139;1468;PR
2023;12;11;100901000000;FICs;1019;1029898160;1467;EG
2023;12;11;1001030000000;Renta Variable;1004;1232500;1468;PN
2023;12;11;10066848163;FICs;10007;2277860;1466;PN
2023;12;11;10032184607;Renta Variable;1014;6138000;1468;PN
2023;12;11;10036346714;Renta Variable;1004;1232500;1466;PN
2023;12;11;10098522488;Renta Variable;1004;3697500;1466;PN
2023;12;11;100830000000;Renta Variable;1005;124658;1466;PY
2023;12;11;10026419826;Renta Variable;1005;74811;1466;PN
2023;12;11;10032184607;Renta Variable;1016;4093740;1468;PN
2023;12;11;10039616197;Renta Variable;1005;74811;1466;PN
2023;12;11;100800000000;FICs;1019;318323308;1467;PY
2023;12;11;1001050000000;Renta Variable;1004;2465000;1466;PN
2023;12;11;10039616197;Renta Variable;1012;13398400;1466;PN
2023;12;11;10079142847;Renta Variable;1017;1925100;1468;PF
2023;12;11;10039553126;FICs;1018;621402;1466;PN
2023;12;11;10020203023;FICs;1008;100527919;1468;PR
2023;12;11;10032184607;Renta Variable;1022;5233011;1468;PN
2023;12;11;100900000000;FICs;10007;393642008;1467;PF
2023;12;11;10032184607;Renta Variable;1015;4025000;1468;PN
2023;12;11;10039616197;Renta Variable;1012;13398400;1466;PN
2023;12;11;10020203023;FICs;1020;62877813;1468;PR
2023;12;11;10032184607;Renta Variable;1011;6808900;1468;PN
2023;12;11;10039616197;Renta Variable;1005;74811;1466;PN
2023;12;11;10038643094;Renta Variable;1005;74811;1466;PN
2023;12;11;1001010000000;FICs;10007;34064891;1468;PN
2023;12;11;10039616197;Renta Variable;1004;2465000;1466;PN
2023;12;11;1001140000000;FICs;10007;10059;1468;PN
2023;12;11;10020203023;FICs;1019;94217495;1468;PR
2023;12;11;10039616197;Renta Variable;1004;2465000;1466;PN
2023;12;11;100890000000;FICs;1008;21443122;1468;PR
2023;12;11;10021382511;Renta Variable;1004;2465000;1466;PN
2023;12;11;10020203023;FICs;1009;1978489;1468;PR
2023;12;11;10038643094;FICs;10007;278896;1466;PN
2023;12;11;10071747544;FICs;10007;601920;1469;PN
2023;12;11;10039538018;FICs;10007;324713;1468;PN
2023;12;11;10014876058;Renta Variable;1012;7315400;1466;PN
2023;12;11;100800000000;FICs;1019;318323308;1467;PY
2023;12;11;1004870235;Renta Variable;1004;8159150;1469;PN
2023;12;11;100890000000;FICs;1019;142943093;1468;PR
2023;12;11;1001090000000;FICs;10007;1687;1468;PN
2023;12;11;10079414250;Renta Variable;1004;1232500;1466;PN
2023;12;11;10020203023;Renta Fija;1001;659050000;1468;PR
2023;12;11;10020203023;Renta Fija;1000;423305300;1468;PR
2023;12;11;100900000000;FICs;10007;393642008;1467;PF
2023;12;11;100900000000;FICs;1019;21455554;1467;PF
2023;12;11;10020203023;FICs;1010;152212453;1468;PR
2023;12;12;1001030000000;Renta Variable;1004;1255000;1468;PN
2023;12;12;100900000000;FICs;10007;393828595;1467;PF
2023;12;12;10020203023;FICs;10007;10132517;1468;PR
2023;12;12;100890000000;FICs;1019;143007143;1468;PR
2023;12;12;10032184607;Renta Variable;None;3973800;1468;PN
2023;12;12;10032184607;Renta Variable;1015;4055000;1468;PN
2023;12;12;10020203023;Renta Fija;1001;659617000;1468;PR
2023;12;12;10039538018;FICs;10007;324867;1468;PN
2023;12;12;100901000000;FICs;1019;1030359636;1467;EG
2023;12;12;1001090000000;FICs;10007;1688;1468;PN
2023;12;12;10039553126;FICs;1018;621363;1466;PN
2023;12;12;10036346714;Renta Variable;1004;1255000;1466;PN
2023;12;12;1001140000000;FICs;10007;10064;1468;PN
2023;12;12;1001140000000;Renta Variable;1004;2510000;1466;PN
2023;12;12;10041560001;Renta Variable;1004;1255000;1466;PN
2023;12;12;1001010000000;FICs;10007;34081038;1468;PN
2023;12;12;10032184607;Renta Variable;1011;7011660;1468;PN
2023;12;12;10026419826;Renta Variable;1005;74811;1466;PN
2023;12;12;10039616197;Renta Variable;1012;13144000;1466;PN
2023;12;12;10032184607;Renta Variable;1014;6107200;1468;PN
2023;12;12;100890000000;FICs;1008;21447857;1468;PR
2023;12;12;10066848163;FICs;10007;2044828;1466;PN
2023;12;12;100900000000;FICs;1019;21465168;1467;PF
2023;12;12;10071747544;FICs;10007;602205;1469;PN
2023;12;12;100830000000;Renta Variable;1005;124658;1466;PY
2023;12;12;10020203023;FICs;None;488270208;1468;PR
2023;12;12;10039616197;Renta Variable;1005;74811;1466;PN
2023;12;12;10098522488;Renta Variable;1004;3765000;1466;PN
2023;12;12;100800000000;FICs;1019;318465942;1467;PY
2023;12;12;10032184607;Renta Variable;1016;4189500;1468;PN
2023;12;12;100900000000;FICs;10007;393828595;1467;PF
2023;12;12;10038643094;Renta Variable;1005;74811;1466;PN
2023;12;12;10020203023;FICs;1010;152273864;1468;PR
2023;12;12;10039616197;Renta Variable;1004;2510000;1466;PN
2023;12;12;10038643094;FICs;1018;82697889;1466;PN
2023;12;12;100900000000;FICs;1019;21465168;1467;PF
2023;12;12;10039616197;Renta Variable;1004;2510000;1466;PN
2023;12;12;10032184607;Renta Variable;1017;4896000;1468;PN
2023;12;12;10020203023;FICs;1008;100550115;1468;PR
2023;12;12;10039616197;Renta Variable;1012;13144000;1466;PN
2023;12;12;100902000000;FICs;1019;1024484813;1467;PF
2023;12;12;10079142847;Renta Variable;1017;1897200;1468;PF
2023;12;12;10032184607;Renta Variable;1002;7410000;1468;PN
2023;12;12;10020203023;Renta Fija;1000;423595000;1468;PR
2023;12;12;10020203023;Renta Fija;1000;423595000;1468;PR
2023;12;12;1004870235;Renta Variable;1004;8308100;1469;PN
2023;12;12;100800000000;FICs;1019;318465942;1467;PY
2023;12;12;10079142847;Renta Variable;1014;3192400;1468;PF
2023;12;12;10020203023;FICs;1019;94259712;1468;PR
2023;12;12;10032184607;FICs;1019;75430;1468;PN
2023;12;12;10032184607;Renta Variable;1022;5233011;1468;PN
2023;12;12;10021382511;Renta Variable;1004;2510000;1466;PN
2023;12;12;1001050000000;Renta Variable;1004;2510000;1466;PN
2023;12;12;10039616197;Renta Variable;1005;74811;1466;PN
2023;12;12;10020203023;FICs;1020;62950213;1468;PR
2023;12;12;10079142847;Renta Variable;1004;3729860;1468;PF
2023;12;12;10038643094;FICs;10007;279028;1466;PN
2023;12;12;10014876058;Renta Variable;1012;7176500;1466;PN
2023;12;12;1001140000000;FICs;10007;10064;1468;PN
2023;12;12;10079414250;Renta Variable;1004;1255000;1466;PN
2023;12;13;10039616197;Renta Variable;1005;74811;1466;PN
2023;12;13;1001050000000;Renta Variable;1004;2460000;1466;PN
2023;12;13;10032184607;Renta Variable;1022;5233011;1468;PN
2023;12;13;10039616197;Renta Variable;1004;2460000;1466;PN
2023;12;13;10039616197;Renta Variable;1004;2460000;1466;PN
2023;12;13;10039616197;Renta Variable;1005;74811;1466;PN
2023;12;13;1001030000000;Renta Variable;1004;1230000;1468;PN
2023;12;13;1001090000000;FICs;10007;1689;1468;PN
2023;12;13;10041560001;Renta Variable;1004;1230000;1466;PN
2023;12;13;10020203023;Renta Fija;1001;659809000;1468;PR
2023;12;13;10020203023;FICs;10007;12114087;1468;PR
2023;12;13;10039538018;FICs;10007;325014;1468;PN
2023;12;13;10020203023;FICs;1019;94291457;1468;PR
2023;12;13;10038643094;Renta Variable;1005;74811;1466;PN
2023;12;13;10021382511;Renta Variable;1004;2460000;1466;PN
2023;12;13;1001140000000;FICs;10007;10069;1468;PN
2023;12;13;10014876058;Renta Variable;1012;7176500;1466;PN
2023;12;13;1001010000000;FICs;10007;34096550;1468;PN
2023;12;13;100890000000;FICs;1008;21446938;1468;PR
2023;12;13;10071747544;FICs;10007;602479;1469;PN
2023;12;13;100800000000;FICs;1019;318573194;1467;PY
2023;12;13;10098522488;Renta Variable;1004;3690000;1466;PN
2023;12;13;10032184607;Renta Variable;1011;7219900;1468;PN
2023;12;13;100830000000;Renta Variable;1005;124658;1466;PY
2023;12;13;10066848163;FICs;10007;2045759;1466;PN
2023;12;13;10032184607;Renta Variable;1015;4090000;1468;PN
2023;12;13;100890000000;FICs;1019;143055305;1468;PR
2023;12;13;100900000000;FICs;1019;21472397;1467;PF
2023;12;13;10020203023;Renta Fija;1000;423738500;1468;PR
2023;12;13;1001140000000;FICs;10007;10069;1468;PN
2023;12;13;100900000000;FICs;10007;394007852;1467;PF
2023;12;13;10038643094;FICs;1018;82657331;1466;PN
2023;12;13;100900000000;FICs;1019;21472397;1467;PF
2023;12;13;1004870235;Renta Variable;1004;8142600;1469;PN
2023;12;13;10079142847;Renta Variable;1017;1906500;1468;PF
2023;12;13;1001140000000;Renta Variable;1004;2460000;1466;PN
2023;12;13;10032184607;Renta Variable;1014;6204000;1468;PN
2023;12;13;100800000000;FICs;1019;318573194;1467;PY
2023;12;13;10039616197;Renta Variable;1012;13144000;1466;PN
2023;12;13;100902000000;FICs;1019;1024829836;1467;PF
2023;12;13;10079142847;Renta Variable;1004;3655560;1468;PF
2023;12;13;10020203023;FICs;1010;152310369;1468;PR
2023;12;13;10039616197;Renta Variable;1012;13144000;1466;PN
2023;12;13;10032184607;Renta Variable;1017;4920000;1468;PN
2023;12;13;100901000000;FICs;1019;1030706638;1467;EG
2023;12;13;10020203023;FICs;None;490792247;1468;PR
2023;12;13;10038643094;FICs;10007;279155;1466;PN
2023;12;13;10020203023;FICs;1020;62973491;1468;PR
2023;12;13;10039553126;FICs;1018;621058;1466;PN
2023;12;13;10032184607;Renta Variable;1016;4069800;1468;PN
2023;12;13;10079142847;Renta Variable;1014;3243000;1468;PF
2023;12;13;10032184607;Renta Variable;1002;7530000;1468;PN
2023;12;13;10020203023;FICs;1008;100545807;1468;PR
2023;12;13;10032184607;FICs;1019;75456;1468;PN
2023;12;13;100900000000;FICs;10007;394007852;1467;PF
2023;12;13;10079414250;Renta Variable;1004;1230000;1466;PN
2023;12;13;10032184607;Renta Variable;None;3973800;1468;PN
2023;12;13;10026419826;Renta Variable;1005;74811;1466;PN
2023;12;13;10036346714;Renta Variable;1004;1230000;1466;PN
2023;12;14;10020203023;FICs;1010;152372905;1468;PR
2023;12;14;10014876058;Renta Variable;1012;7222800;1466;PN
2023;12;14;10039616197;Renta Variable;1005;74811;1466;PN
2023;12;14;1001140000000;FICs;10007;10075;1468;PN
2023;12;14;1001090000000;FICs;10007;1690;1468;PN
2023;12;14;10020203023;FICs;10007;12121466;1468;PR
2023;12;14;10020203023;Renta Fija;1000;424032200;1468;PR
2023;12;14;100800000000;FICs;1019;318715730;1467;PY
2023;12;14;10039553126;FICs;1018;622130;1466;PN
2023;12;14;10039616197;Renta Variable;1005;74811;1466;PN
2023;12;14;10066848163;FICs;10007;1626901;1466;PN
2023;12;14;10026419826;Renta Variable;1005;74811;1466;PN
2023;12;14;100902000000;FICs;1019;1025288363;1467;PF
2023;12;14;10036346714;Renta Variable;1004;1250000;1466;PN
2023;12;14;10032184607;Renta Variable;1002;8190000;1468;PN
2023;12;14;10032184607;Renta Variable;1011;7370600;1468;PN
2023;12;14;10098522488;Renta Variable;1004;3750000;1466;PN
2023;12;14;10079142847;Renta Variable;1017;1906500;1468;PF
2023;12;14;100800000000;FICs;1019;318715730;1467;PY
2023;12;14;10020203023;FICs;1020;62994335;1468;PR
2023;12;14;10039616197;Renta Variable;1012;13228800;1466;PN
2023;12;14;1001030000000;Renta Variable;1004;1250000;1468;PN
2023;12;14;10038643094;FICs;1018;82799983;1466;PN
2023;12;14;10032184607;Renta Variable;None;3879450;1468;PN
2023;12;14;1001140000000;Renta Variable;1004;2500000;1466;PN
2023;12;14;10038643094;FICs;10007;279325;1466;PN
2023;12;14;10032184607;FICs;1019;75490;1468;PN
2023;12;14;10032184607;Renta Variable;1022;5233011;1468;PN
2023;12;14;10032184607;Renta Variable;1017;4920000;1468;PN
2023;12;14;10020203023;FICs;None;490563153;1468;PR
2023;12;14;10032184607;Renta Variable;1014;6314000;1468;PN
2023;12;14;10079142847;Renta Variable;1004;3715000;1468;PF
2023;12;14;1001010000000;FICs;10007;34117319;1468;PN
2023;12;14;100900000000;FICs;1019;21482004;1467;PF
2023;12;14;1001050000000;Renta Variable;1004;2500000;1466;PN
2023;12;14;10020203023;Renta Fija;1001;660307000;1468;PR
2023;12;14;10032184607;Renta Variable;1015;4190000;1468;PN
2023;12;14;10032184607;Renta Variable;1016;4093740;1468;PN
2023;12;14;10038643094;Renta Variable;1005;74811;1466;PN
2023;12;14;10020203023;FICs;1008;100661329;1468;PR
2023;12;14;100890000000;FICs;1019;143119310;1468;PR
2023;12;14;100900000000;FICs;10007;394247847;1467;PF
2023;12;14;1004870235;Renta Variable;1004;8275000;1469;PN
2023;12;14;10020203023;FICs;1019;94333645;1468;PR
2023;12;14;100890000000;FICs;1008;21471579;1468;PR
2023;12;14;10039616197;Renta Variable;1004;2500000;1466;PN
2023;12;14;1001140000000;FICs;10007;10075;1468;PN
2023;12;14;10079414250;Renta Variable;1004;1250000;1466;PN
2023;12;14;100901000000;FICs;1019;1031167795;1467;EG
2023;12;14;100900000000;FICs;1019;21482004;1467;PF
2023;12;14;10039616197;Renta Variable;1004;2500000;1466;PN
2023;12;14;10039538018;FICs;10007;325212;1468;PN
2023;12;14;100900000000;FICs;10007;394247847;1467;PF
2023;12;14;10079142847;Renta Variable;1014;3300500;1468;PF
2023;12;14;100830000000;Renta Variable;1005;124658;1466;PY
2023;12;14;10041560001;Renta Variable;1004;1250000;1466;PN
2023;12;14;10071747544;FICs;10007;602846;1469;PN
2023;12;14;10039616197;Renta Variable;1012;13228800;1466;PN
2023;12;14;10021382511;Renta Variable;1004;2500000;1466;PN
2023;12;15;1001140000000;FICs;10007;10086;1468;PN
2023;12;15;10032184607;Renta Variable;1022;5233011;1468;PN
2023;12;15;10038643094;Renta Variable;1005;74811;1466;PN
2023;12;15;1001010000000;FICs;10007;34156390;1468;PN
2023;12;15;10038643094;FICs;1018;83128566;1466;PN
2023;12;15;1001140000000;Renta Variable;1004;2555000;1466;PN
2023;12;15;100900000000;FICs;10007;394699339;1467;PF
2023;12;15;100900000000;FICs;1019;21499438;1467;PF
2023;12;15;10021382511;Renta Variable;1004;2555000;1466;PN
2023;12;15;10014876058;Renta Variable;1012;6972780;1466;PN
2023;12;15;100890000000;FICs;1019;143235462;1468;PR
2023;12;15;10020203023;FICs;None;489689214;1468;PR
2023;12;15;100902000000;FICs;1019;1026120460;1467;PF
2023;12;15;10041560001;Renta Variable;1004;1277500;1466;PN
2023;12;15;10020203023;FICs;1019;94410203;1468;PR
2023;12;15;10032184607;Renta Variable;1011;7784340;1468;PN
2023;12;15;10032184607;Renta Variable;1002;8130000;1468;PN
2023;12;15;10032184607;Renta Variable;1016;4069800;1468;PN
2023;12;15;10020203023;Renta Fija;1000;424328300;1468;PR
2023;12;15;10039616197;Renta Variable;1004;2555000;1466;PN
2023;12;15;10032184607;Renta Variable;1017;4968000;1468;PN
2023;12;15;100800000000;FICs;1019;318974391;1467;PY
2023;12;15;10032184607;FICs;1019;75551;1468;PN
2023;12;15;10026419826;Renta Variable;1005;74811;1466;PN
2023;12;15;10079414250;Renta Variable;1004;1277500;1466;PN
2023;12;15;10032184607;Renta Variable;None;3879450;1468;PN
2023;12;15;10039616197;Renta Variable;1004;2555000;1466;PN
2023;12;15;10071747544;FICs;10007;603537;1469;PN
2023;12;15;1001090000000;FICs;10007;1692;1468;PN
2023;12;15;100900000000;FICs;1019;21499438;1467;PF
2023;12;15;10039616197;Renta Variable;1005;74811;1466;PN
2023;12;15;10039616197;Renta Variable;1012;12770880;1466;PN
2023;12;15;1004870235;Renta Variable;1004;8457050;1469;PN
2023;12;15;10039538018;FICs;10007;325585;1468;PN
2023;12;15;10036346714;Renta Variable;1004;1277500;1466;PN
2023;12;15;10038643094;FICs;10007;279645;1466;PN
2023;12;15;10079142847;Renta Variable;1017;1925100;1468;PF
2023;12;15;10032184607;Renta Variable;1015;4320000;1468;PN
2023;12;15;10020203023;FICs;1010;152415202;1468;PR
2023;12;15;10020203023;FICs;1020;63013509;1468;PR
2023;12;15;10020203023;Renta Fija;1001;661252500;1468;PR
2023;12;15;10020203023;FICs;10007;12135348;1468;PR
2023;12;15;10079142847;Renta Variable;1014;3362600;1468;PF
